{
  "timelineObjects" : [ {
    "activitySegment" : {
      "startLocation" : {
        "latitudeE7" : 129329436,
        "longitudeE7" : 775833860
      },
      "endLocation" : {
        "latitudeE7" : 129331038,
        "longitudeE7" : 775844470
      },
      "duration" : {
        "startTimestampMs" : "1498722054595",
        "endTimestampMs" : "1498722375173"
      },
      "distance" : 116,
      "activityType" : "WALKING",
      "confidence" : "MEDIUM",
      "activities" : [ {
        "activityType" : "WALKING",
        "probability" : 62.4593500909285
      }, {
        "activityType" : "IN_PASSENGER_VEHICLE",
        "probability" : 23.99117646823247
      }, {
        "activityType" : "MOTORCYCLING",
        "probability" : 10.964935010905052
      }, {
        "activityType" : "CYCLING",
        "probability" : 1.4773002280288858
      }, {
        "activityType" : "IN_BUS",
        "probability" : 0.317381859660719
      }, {
        "activityType" : "RUNNING",
        "probability" : 0.157320599275438
      }, {
        "activityType" : "IN_WHEELCHAIR",
        "probability" : 0.11330378132880109
      }, {
        "activityType" : "FLYING",
        "probability" : 0.10963963161029501
      }, {
        "activityType" : "BOATING",
        "probability" : 0.049209994840327925
      }, {
        "activityType" : "IN_TRAIN",
        "probability" : 0.040273013949160566
      }, {
        "activityType" : "IN_FERRY",
        "probability" : 0.035526069080109364
      }, {
        "activityType" : "HIKING",
        "probability" : 0.033007337802707086
      }, {
        "activityType" : "SWIMMING",
        "probability" : 0.032110007863309406
      }, {
        "activityType" : "HORSEBACK_RIDING",
        "probability" : 0.027546187183788283
      }, {
        "activityType" : "SKATEBOARDING",
        "probability" : 0.02039927087169124
      }, {
        "activityType" : "IN_CABLECAR",
        "probability" : 0.018841212860854623
      }, {
        "activityType" : "IN_VEHICLE",
        "probability" : 0.01686448044353892
      }, {
        "activityType" : "IN_FUNICULAR",
        "probability" : 0.013954211073531056
      }, {
        "activityType" : "SKIING",
        "probability" : 0.013908799160301586
      }, {
        "activityType" : "IN_GONDOLA_LIFT",
        "probability" : 0.013038822050523327
      }, {
        "activityType" : "SNOWMOBILE",
        "probability" : 0.01280485964063877
      }, {
        "activityType" : "SLEDDING",
        "probability" : 0.011660958943286849
      }, {
        "activityType" : "SAILING",
        "probability" : 0.011029061238261046
      }, {
        "activityType" : "KAYAKING",
        "probability" : 0.009903447837746958
      }, {
        "activityType" : "SURFING",
        "probability" : 0.009788461237966981
      }, {
        "activityType" : "WALKING_NORDIC",
        "probability" : 0.008494408769303897
      }, {
        "activityType" : "IN_SUBWAY",
        "probability" : 0.006142989270279467
      }, {
        "activityType" : "SNOWSHOEING",
        "probability" : 0.005914870943305564
      }, {
        "activityType" : "SKATING",
        "probability" : 0.005247001199199638
      }, {
        "activityType" : "ROWING",
        "probability" : 0.004839765134105096
      }, {
        "activityType" : "KITESURFING",
        "probability" : 0.003595918689579792
      }, {
        "activityType" : "IN_TRAM",
        "probability" : 0.0034765631408221415
      }, {
        "activityType" : "SNOWBOARDING",
        "probability" : 0.0020146168054976515
      }, {
        "activityType" : "CATCHING_POKEMON",
        "probability" : 2.4598883556245055E-42
      } ],
      "waypointPath" : {
        "waypoints" : [ {
          "latE7" : 129329442,
          "lngE7" : 775833892
        }, {
          "latE7" : 129330263,
          "lngE7" : 775843887
        } ]
      },
      "editConfirmationStatus" : "NOT_CONFIRMED"
    }
  }, {
    "placeVisit" : {
      "location" : {
        "latitudeE7" : 129330241,
        "longitudeE7" : 775843519,
        "placeId" : "ChIJjRJlUr0VrjsR3HwOvSukxwU",
        "address" : "3rd block\n22 & 26, 22nd Main Rd\nopp. Corporation Bank\nBairasandra Extension, Jaya Nagar 1st Block, Jaya Nagar East, J. P. Nagar\nBengaluru, Karnataka 560011\nIndia",
        "name" : "Upahara Darshini",
        "sourceInfo" : {
          "deviceTag" : 835825403
        },
        "locationConfidence" : 87.24288
      },
      "duration" : {
        "startTimestampMs" : "1498722441185",
        "endTimestampMs" : "1498724465855"
      },
      "placeConfidence" : "MEDIUM_CONFIDENCE",
      "centerLatE7" : 129330547,
      "centerLngE7" : 775846147,
      "visitConfidence" : 93,
      "otherCandidateLocations" : [ {
        "latitudeE7" : 129327515,
        "longitudeE7" : 775846953,
        "placeId" : "ChIJb-pzUZcVrjsRb7I42i_iufY",
        "name" : "Chung's Chinese Corner",
        "locationConfidence" : 1.2905232
      }, {
        "latitudeE7" : 129326950,
        "longitudeE7" : 775847270,
        "placeId" : "ChIJE8R9PncWrjsRQ8jw2xYsT-8",
        "name" : "Manya-The Princeton Review, Jayanagar",
        "locationConfidence" : 1.2777334
      }, {
        "latitudeE7" : 129330091,
        "longitudeE7" : 775856447,
        "placeId" : "ChIJkc-RV70VrjsRu3w0Xdhc6fU",
        "name" : "Cosmopolitan Club",
        "locationConfidence" : 1.0272579
      }, {
        "latitudeE7" : 129328130,
        "longitudeE7" : 775857423,
        "placeId" : "ChIJI3jZsqIVrjsRheucD4rMjm8",
        "name" : "PC Jewellery",
        "locationConfidence" : 0.4689638
      }, {
        "latitudeE7" : 129327634,
        "longitudeE7" : 775846915,
        "placeId" : "ChIJydgyAJgVrjsRAGFW66dqVAY",
        "name" : "Royal county park",
        "locationConfidence" : 0.4327409
      }, {
        "latitudeE7" : 129332012,
        "longitudeE7" : 775825243,
        "placeId" : "ChIJkVpbhZcVrjsRMmKoMczbu3o",
        "name" : "Bhima Jewellers",
        "locationConfidence" : 0.14686964
      }, {
        "latitudeE7" : 129332100,
        "longitudeE7" : 775847090,
        "placeId" : "ChIJqSHS_ZcVrjsRdaZ9_8ITbiI",
        "name" : "Ooty Chocolates (Bangalore)",
        "locationConfidence" : 0.13012603
      }, {
        "latitudeE7" : 129341175,
        "longitudeE7" : 775829088,
        "placeId" : "ChIJ8d1aD5cVrjsRs-SDQJ53yGo",
        "name" : "R R Gold Palace",
        "locationConfidence" : 0.107910976
      }, {
        "latitudeE7" : 129314657,
        "longitudeE7" : 775861978,
        "placeId" : "ChIJMwJhlaIVrjsRgCKV83F9YBA",
        "name" : "Max",
        "locationConfidence" : 0.09069865
      } ],
      "editConfirmationStatus" : "NOT_CONFIRMED"
    }
  }, {
    "activitySegment" : {
      "startLocation" : {
        "latitudeE7" : 129330241,
        "longitudeE7" : 775843519
      },
      "endLocation" : {
        "latitudeE7" : 129326501,
        "longitudeE7" : 775811536
      },
      "duration" : {
        "startTimestampMs" : "1498724465855",
        "endTimestampMs" : "1498726851074"
      },
      "distance" : 376,
      "activityType" : "WALKING",
      "confidence" : "HIGH",
      "activities" : [ {
        "activityType" : "WALKING",
        "probability" : 86.54765553669176
      }, {
        "activityType" : "IN_PASSENGER_VEHICLE",
        "probability" : 6.341953157359748
      }, {
        "activityType" : "MOTORCYCLING",
        "probability" : 4.817405814579025
      }, {
        "activityType" : "CYCLING",
        "probability" : 1.0095101404699947
      }, {
        "activityType" : "IN_BUS",
        "probability" : 0.5920513964900689
      }, {
        "activityType" : "RUNNING",
        "probability" : 0.2617169283293811
      }, {
        "activityType" : "FLYING",
        "probability" : 0.0822748164873916
      }, {
        "activityType" : "IN_TRAIN",
        "probability" : 0.059208384434022196
      }, {
        "activityType" : "IN_SUBWAY",
        "probability" : 0.03798551922780451
      }, {
        "activityType" : "BOATING",
        "probability" : 0.03391964469402748
      }, {
        "activityType" : "IN_FERRY",
        "probability" : 0.029103100975999805
      }, {
        "activityType" : "IN_WHEELCHAIR",
        "probability" : 0.026164242714200946
      }, {
        "activityType" : "HIKING",
        "probability" : 0.022975115652595517
      }, {
        "activityType" : "SWIMMING",
        "probability" : 0.016869319600597624
      }, {
        "activityType" : "SKATEBOARDING",
        "probability" : 0.013039889486082248
      }, {
        "activityType" : "HORSEBACK_RIDING",
        "probability" : 0.012039643698566164
      }, {
        "activityType" : "IN_GONDOLA_LIFT",
        "probability" : 0.009968686770817945
      }, {
        "activityType" : "IN_CABLECAR",
        "probability" : 0.009953126657025971
      }, {
        "activityType" : "IN_FUNICULAR",
        "probability" : 0.008686579895150112
      }, {
        "activityType" : "SURFING",
        "probability" : 0.008058980938225385
      }, {
        "activityType" : "SLEDDING",
        "probability" : 0.007320521279617214
      }, {
        "activityType" : "IN_VEHICLE",
        "probability" : 0.007099455196421295
      }, {
        "activityType" : "SNOWMOBILE",
        "probability" : 0.006992788628471498
      }, {
        "activityType" : "SAILING",
        "probability" : 0.005837124221834509
      }, {
        "activityType" : "SKIING",
        "probability" : 0.00580075375182559
      }, {
        "activityType" : "KAYAKING",
        "probability" : 0.004865290896968397
      }, {
        "activityType" : "IN_TRAM",
        "probability" : 0.004681850476432076
      }, {
        "activityType" : "SKATING",
        "probability" : 0.004153974057090775
      }, {
        "activityType" : "ROWING",
        "probability" : 0.004084980896517042
      }, {
        "activityType" : "WALKING_NORDIC",
        "probability" : 0.003417167897821821
      }, {
        "activityType" : "SNOWSHOEING",
        "probability" : 0.0023848761421184227
      }, {
        "activityType" : "KITESURFING",
        "probability" : 0.0015306017783871214
      }, {
        "activityType" : "SNOWBOARDING",
        "probability" : 0.0012905896239997002
      }, {
        "activityType" : "CATCHING_POKEMON",
        "probability" : 7.752019968377388E-42
      } ],
      "waypointPath" : {
        "waypoints" : [ {
          "latE7" : 129330301,
          "lngE7" : 775843505
        }, {
          "latE7" : 129329061,
          "lngE7" : 775812530
        } ]
      },
      "editConfirmationStatus" : "NOT_CONFIRMED"
    }
  }, {
    "placeVisit" : {
      "location" : {
        "latitudeE7" : 129326501,
        "longitudeE7" : 775811536,
        "placeId" : "ChIJAQAAAKQVrjsRFsYa3H-gSvs",
        "address" : "45, 22nd Cross, 5th Main 3rd, Block, J Nagar\nJ Nagar\nJayanagar East, Jaya Nagar 1st Block, Jayanagar\nBengaluru, Karnataka 560041\nIndia",
        "name" : "Nanda Theatre",
        "sourceInfo" : {
          "deviceTag" : 835825403
        },
        "locationConfidence" : 40.260494
      },
      "duration" : {
        "startTimestampMs" : "1498726851074",
        "endTimestampMs" : "1498749587117"
      },
      "placeConfidence" : "MEDIUM_CONFIDENCE",
      "centerLatE7" : 129328050,
      "centerLngE7" : 775810562,
      "visitConfidence" : 95,
      "otherCandidateLocations" : [ {
        "latitudeE7" : 129328993,
        "longitudeE7" : 775812036,
        "placeId" : "ChIJyUI-Y5cVrjsRTkZY-mfdTa0",
        "name" : "3DPLM Software, Dassault Systemes",
        "locationConfidence" : 16.51316
      }, {
        "latitudeE7" : 129327960,
        "longitudeE7" : 775811201,
        "placeId" : "ChIJPz35YpcVrjsR9CKvfbSVhEk",
        "name" : "3DPLM",
        "locationConfidence" : 10.828537
      }, {
        "latitudeE7" : 129328317,
        "longitudeE7" : 775808220,
        "placeId" : "ChIJj3YMYZcVrjsRyKncyZGvsLg",
        "name" : "Dassault Systemes",
        "locationConfidence" : 9.861
      }, {
        "latitudeE7" : 129322159,
        "longitudeE7" : 775818257,
        "placeId" : "ChIJHYvq0JkVrjsRYcdOpjvZVGY",
        "name" : "NMKRV College for Women",
        "locationConfidence" : 8.131625
      }, {
        "latitudeE7" : 129325529,
        "longitudeE7" : 775803423,
        "placeId" : "ChIJZYPF4ZkVrjsRlM6GYmuX6Vc",
        "name" : "Nanda Theatre Bus Stop",
        "locationConfidence" : 7.2915564
      }, {
        "latitudeE7" : 129331300,
        "longitudeE7" : 775816290,
        "placeId" : "ChIJdeCNe5cVrjsRwD7LwDLoFx8",
        "name" : "Empire Restaurant - Jayanagar",
        "locationConfidence" : 0.27426612
      }, {
        "latitudeE7" : 129316739,
        "longitudeE7" : 775833252,
        "placeId" : "ChIJxQ90PpgVrjsR1rYd4IrBEBw",
        "name" : "Navaratna Jewellers",
        "locationConfidence" : 0.13757627
      }, {
        "latitudeE7" : 129336619,
        "longitudeE7" : 775837179,
        "placeId" : "ChIJy_E07JcVrjsRNb_H4f654rQ",
        "name" : "Kotak Mahindra Bank Ltd.",
        "locationConfidence" : 0.12762205
      }, {
        "latitudeE7" : 129330970,
        "longitudeE7" : 775831801,
        "placeId" : "ChIJ77Qsa5gVrjsRwJplzB35jp0",
        "name" : "Kanva Mart",
        "locationConfidence" : 0.11958241
      } ],
      "editConfirmationStatus" : "NOT_CONFIRMED"
    }
  }, {
    "activitySegment" : {
      "startLocation" : {
        "latitudeE7" : 129328062,
        "longitudeE7" : 775810760
      },
      "endLocation" : {
        "latitudeE7" : 129241572,
        "longitudeE7" : 776081558
      },
      "duration" : {
        "startTimestampMs" : "1498749587117",
        "endTimestampMs" : "1498750810163"
      },
      "distance" : 3386,
      "activityType" : "MOTORCYCLING",
      "confidence" : "LOW",
      "activities" : [ {
        "activityType" : "MOTORCYCLING",
        "probability" : 57.26662107981141
      }, {
        "activityType" : "IN_PASSENGER_VEHICLE",
        "probability" : 29.24583197629671
      }, {
        "activityType" : "IN_BUS",
        "probability" : 9.412390137104165
      }, {
        "activityType" : "WALKING",
        "probability" : 2.093159727845288
      }, {
        "activityType" : "CYCLING",
        "probability" : 1.4959651563786658
      }, {
        "activityType" : "IN_TRAIN",
        "probability" : 0.1585426680946847
      }, {
        "activityType" : "IN_SUBWAY",
        "probability" : 0.07600570629835761
      }, {
        "activityType" : "RUNNING",
        "probability" : 0.044930556241555446
      }, {
        "activityType" : "IN_FERRY",
        "probability" : 0.027646843215152175
      }, {
        "activityType" : "SKATEBOARDING",
        "probability" : 0.01962610450230398
      }, {
        "activityType" : "FLYING",
        "probability" : 0.01684657283718448
      }, {
        "activityType" : "HORSEBACK_RIDING",
        "probability" : 0.01350372553017451
      }, {
        "activityType" : "IN_WHEELCHAIR",
        "probability" : 0.012226020676033745
      }, {
        "activityType" : "BOATING",
        "probability" : 0.011544985342160464
      }, {
        "activityType" : "IN_CABLECAR",
        "probability" : 0.010601813954062168
      }, {
        "activityType" : "IN_TRAM",
        "probability" : 0.010047256711218235
      }, {
        "activityType" : "IN_FUNICULAR",
        "probability" : 0.008483515792149846
      }, {
        "activityType" : "SLEDDING",
        "probability" : 0.00790274162055309
      }, {
        "activityType" : "SWIMMING",
        "probability" : 0.007484809571352571
      }, {
        "activityType" : "IN_VEHICLE",
        "probability" : 0.007340889049413078
      }, {
        "activityType" : "IN_GONDOLA_LIFT",
        "probability" : 0.006846710385083216
      }, {
        "activityType" : "HIKING",
        "probability" : 0.006784476318098577
      }, {
        "activityType" : "SKIING",
        "probability" : 0.00625909082519135
      }, {
        "activityType" : "SNOWMOBILE",
        "probability" : 0.006066518845381422
      }, {
        "activityType" : "SKATING",
        "probability" : 0.006065714716513971
      }, {
        "activityType" : "SAILING",
        "probability" : 0.00439460413284316
      }, {
        "activityType" : "ROWING",
        "probability" : 0.0037453003858221585
      }, {
        "activityType" : "SURFING",
        "probability" : 0.00313294443463192
      }, {
        "activityType" : "KAYAKING",
        "probability" : 0.002674964450237888
      }, {
        "activityType" : "SNOWSHOEING",
        "probability" : 0.00206615655698791
      }, {
        "activityType" : "WALKING_NORDIC",
        "probability" : 0.0020169067915370912
      }, {
        "activityType" : "KITESURFING",
        "probability" : 0.002002773818416631
      }, {
        "activityType" : "SNOWBOARDING",
        "probability" : 0.001241551466654874
      }, {
        "activityType" : "CATCHING_POKEMON",
        "probability" : 7.042505613327967E-45
      } ],
      "waypointPath" : {
        "waypoints" : [ {
          "latE7" : 129329500,
          "lngE7" : 775810852
        }, {
          "latE7" : 129241495,
          "lngE7" : 776082382
        } ]
      },
      "editConfirmationStatus" : "NOT_CONFIRMED"
    }
  }, {
    "placeVisit" : {
      "location" : {
        "latitudeE7" : 129235717,
        "longitudeE7" : 776081340,
        "placeId" : "ChIJLdpgSVUUrjsRp0tC9x_Zh00",
        "address" : "Tavarekere, Madiwala, Brindavan Nagar, BTM Layout\nBengaluru, Karnataka 560029\nIndia",
        "name" : "Majestic Residency",
        "sourceInfo" : {
          "deviceTag" : 835825403
        },
        "locationConfidence" : 99.28631
      },
      "duration" : {
        "startTimestampMs" : "1498750810163",
        "endTimestampMs" : "1498799952012"
      },
      "placeConfidence" : "HIGH_CONFIDENCE",
      "centerLatE7" : 129240788,
      "centerLngE7" : 776081859,
      "visitConfidence" : 95,
      "otherCandidateLocations" : [ {
        "latitudeE7" : 129252420,
        "longitudeE7" : 776077501,
        "placeId" : "ChIJK1rw1KoVrjsRwBfz4lUlFXY",
        "name" : "Lakshmi Theatre",
        "locationConfidence" : 0.039034124
      }, {
        "latitudeE7" : 129247470,
        "longitudeE7" : 776080120,
        "placeId" : "ChIJk8-GLVUUrjsR2DwmzpNZ0_A",
        "name" : "Sweet Palace",
        "locationConfidence" : 0.03777094
      }, {
        "latitudeE7" : 129253805,
        "longitudeE7" : 776086191,
        "placeId" : "ChIJ7fO7J1UUrjsRAO-TLkSRSTY",
        "name" : "Durga Enterprises",
        "locationConfidence" : 0.020162648
      }, {
        "latitudeE7" : 129248230,
        "longitudeE7" : 776090700,
        "placeId" : "ChIJKbrTIlUUrjsR6qT0PpF7COM",
        "name" : "Fashion World",
        "locationConfidence" : 0.017994724
      }, {
        "latitudeE7" : 129238946,
        "longitudeE7" : 776077192,
        "placeId" : "ChIJJX4jtaoVrjsRr-6nMFUfq8o",
        "name" : "Ganesha sounds and lightings",
        "locationConfidence" : 0.012365132
      }, {
        "latitudeE7" : 129262990,
        "longitudeE7" : 776098000,
        "placeId" : "ChIJpdXTZU4UrjsRKLUOYz3kEV4",
        "name" : "Ammi's Biryani",
        "locationConfidence" : 0.011835856
      }, {
        "latitudeE7" : 129238690,
        "longitudeE7" : 776107480,
        "placeId" : "ChIJ55NynlUUrjsRO-MEKq4OoTw",
        "name" : "Kebab Nation",
        "locationConfidence" : 0.0108072525
      }, {
        "latitudeE7" : 129262993,
        "longitudeE7" : 776098007,
        "placeId" : "ChIJq6qa71QUrjsRVq5vgYN-HZE",
        "name" : "CocoJumbo",
        "locationConfidence" : 0.010237699
      }, {
        "latitudeE7" : 129242168,
        "longitudeE7" : 776078895,
        "placeId" : "ChIJf6UhNVUUrjsRn4jdFMdGVmQ",
        "locationConfidence" : 0.009498375
      } ],
      "editConfirmationStatus" : "NOT_CONFIRMED"
    }
  }, {
    "activitySegment" : {
      "startLocation" : {
        "latitudeE7" : 129241972,
        "longitudeE7" : 776080663
      },
      "endLocation" : {
        "latitudeE7" : 129328993,
        "longitudeE7" : 775812036
      },
      "duration" : {
        "startTimestampMs" : "1498799952012",
        "endTimestampMs" : "1498800830167"
      },
      "distance" : 3124,
      "activityType" : "MOTORCYCLING",
      "confidence" : "LOW",
      "activities" : [ {
        "activityType" : "MOTORCYCLING",
        "probability" : 45.9735269249929
      }, {
        "activityType" : "WALKING",
        "probability" : 23.37632965315584
      }, {
        "activityType" : "IN_PASSENGER_VEHICLE",
        "probability" : 21.95813943802048
      }, {
        "activityType" : "IN_BUS",
        "probability" : 5.015093204534641
      }, {
        "activityType" : "CYCLING",
        "probability" : 2.5242729139818105
      }, {
        "activityType" : "IN_TRAIN",
        "probability" : 0.35005679298097064
      }, {
        "activityType" : "RUNNING",
        "probability" : 0.30764479387792093
      }, {
        "activityType" : "FLYING",
        "probability" : 0.09259710209814942
      }, {
        "activityType" : "IN_SUBWAY",
        "probability" : 0.06104108921918301
      }, {
        "activityType" : "IN_WHEELCHAIR",
        "probability" : 0.052846462490445216
      }, {
        "activityType" : "IN_FERRY",
        "probability" : 0.04986441977009261
      }, {
        "activityType" : "IN_VEHICLE",
        "probability" : 0.03358164617325148
      }, {
        "activityType" : "IN_TRAM",
        "probability" : 0.026477635407762122
      }, {
        "activityType" : "HORSEBACK_RIDING",
        "probability" : 0.02249383327937825
      }, {
        "activityType" : "BOATING",
        "probability" : 0.020448314660694234
      }, {
        "activityType" : "SKATEBOARDING",
        "probability" : 0.019012524054386148
      }, {
        "activityType" : "HIKING",
        "probability" : 0.01672226373228263
      }, {
        "activityType" : "SWIMMING",
        "probability" : 0.01457174384605173
      }, {
        "activityType" : "IN_CABLECAR",
        "probability" : 0.011740368458686241
      }, {
        "activityType" : "SURFING",
        "probability" : 0.011221476794468508
      }, {
        "activityType" : "SAILING",
        "probability" : 0.008787961368613754
      }, {
        "activityType" : "IN_FUNICULAR",
        "probability" : 0.008194327868547813
      }, {
        "activityType" : "SLEDDING",
        "probability" : 0.006897519677751491
      }, {
        "activityType" : "IN_GONDOLA_LIFT",
        "probability" : 0.0058480067867844
      }, {
        "activityType" : "SKIING",
        "probability" : 0.005665515499916349
      }, {
        "activityType" : "SNOWMOBILE",
        "probability" : 0.005638365565414998
      }, {
        "activityType" : "WALKING_NORDIC",
        "probability" : 0.005093901948343348
      }, {
        "activityType" : "SNOWSHOEING",
        "probability" : 0.0030983696809903025
      }, {
        "activityType" : "SKATING",
        "probability" : 0.003084401251978267
      }, {
        "activityType" : "ROWING",
        "probability" : 0.0029930144330558243
      }, {
        "activityType" : "SNOWBOARDING",
        "probability" : 0.00272611942589721
      }, {
        "activityType" : "KAYAKING",
        "probability" : 0.002480692770667101
      }, {
        "activityType" : "KITESURFING",
        "probability" : 0.0018092021926459816
      }, {
        "activityType" : "CATCHING_POKEMON",
        "probability" : 6.723299158386743E-44
      } ],
      "waypointPath" : {
        "waypoints" : [ {
          "latE7" : 129241819,
          "lngE7" : 776082382
        }, {
          "latE7" : 129329442,
          "lngE7" : 775812072
        } ]
      },
      "editConfirmationStatus" : "NOT_CONFIRMED"
    }
  }, {
    "placeVisit" : {
      "location" : {
        "latitudeE7" : 129328993,
        "longitudeE7" : 775812036,
        "placeId" : "ChIJj3YMYZcVrjsRyKncyZGvsLg",
        "address" : "10th Cross Road\n3rd block\n#45, 5th Main Rd\nJayanagar East, Jaya Nagar 1st Block, Jayanagar\nBengaluru, Karnataka 560011\nIndia",
        "name" : "Dassault Systemes",
        "sourceInfo" : {
          "deviceTag" : 835825403
        },
        "locationConfidence" : 32.52632
      },
      "duration" : {
        "startTimestampMs" : "1498800830167",
        "endTimestampMs" : "1498810217959"
      },
      "placeConfidence" : "MEDIUM_CONFIDENCE",
      "centerLatE7" : 129328098,
      "centerLngE7" : 775811102,
      "visitConfidence" : 92,
      "otherCandidateLocations" : [ {
        "latitudeE7" : 129326501,
        "longitudeE7" : 775811536,
        "placeId" : "ChIJAQAAAKQVrjsRFsYa3H-gSvs",
        "name" : "Nanda Theatre",
        "locationConfidence" : 29.010902
      }, {
        "latitudeE7" : 129322159,
        "longitudeE7" : 775818257,
        "placeId" : "ChIJHYvq0JkVrjsRYcdOpjvZVGY",
        "name" : "NMKRV College for Women",
        "locationConfidence" : 14.577293
      }, {
        "latitudeE7" : 129328317,
        "longitudeE7" : 775808220,
        "placeId" : "ChIJj3YMYZcVrjsRyKncyZGvsLg",
        "name" : "Dassault Systemes",
        "locationConfidence" : 6.8477535
      }, {
        "latitudeE7" : 129327960,
        "longitudeE7" : 775811201,
        "placeId" : "ChIJPz35YpcVrjsR9CKvfbSVhEk",
        "name" : "3DPLM",
        "locationConfidence" : 5.106238
      }, {
        "latitudeE7" : 129325529,
        "longitudeE7" : 775803423,
        "placeId" : "ChIJZYPF4ZkVrjsRlM6GYmuX6Vc",
        "name" : "Nanda Theatre Bus Stop",
        "locationConfidence" : 3.0269706
      }, {
        "latitudeE7" : 129336619,
        "longitudeE7" : 775837179,
        "placeId" : "ChIJy_E07JcVrjsRNb_H4f654rQ",
        "name" : "Kotak Mahindra Bank Ltd.",
        "locationConfidence" : 2.163599
      }, {
        "latitudeE7" : 129331300,
        "longitudeE7" : 775816290,
        "placeId" : "ChIJdeCNe5cVrjsRwD7LwDLoFx8",
        "name" : "Empire Restaurant - Jayanagar",
        "locationConfidence" : 0.19110754
      }, {
        "latitudeE7" : 129330888,
        "longitudeE7" : 775812831,
        "placeId" : "ChIJM-9Ye5cVrjsRmmqhQv1kAQs",
        "name" : "SHOWOFF",
        "locationConfidence" : 0.17029573
      }, {
        "latitudeE7" : 129328719,
        "longitudeE7" : 775811915,
        "placeId" : "ChIJeVTKxJkVrjsRfVqhBu2foNo",
        "name" : "NMKRV Mangala Mantapa",
        "locationConfidence" : 0.16806087
      } ],
      "editConfirmationStatus" : "NOT_CONFIRMED"
    }
  }, {
    "activitySegment" : {
      "startLocation" : {
        "latitudeE7" : 129328993,
        "longitudeE7" : 775812036
      },
      "endLocation" : {
        "latitudeE7" : 129307893,
        "longitudeE7" : 775817295
      },
      "duration" : {
        "startTimestampMs" : "1498810217959",
        "endTimestampMs" : "1498810958196"
      },
      "distance" : 724,
      "activityType" : "WALKING",
      "confidence" : "HIGH",
      "activities" : [ {
        "activityType" : "WALKING",
        "probability" : 95.15769451462329
      }, {
        "activityType" : "IN_PASSENGER_VEHICLE",
        "probability" : 3.384265364741567
      }, {
        "activityType" : "CYCLING",
        "probability" : 0.6094213884542119
      }, {
        "activityType" : "MOTORCYCLING",
        "probability" : 0.481519479024451
      }, {
        "activityType" : "IN_BUS",
        "probability" : 0.08908140688813193
      }, {
        "activityType" : "RUNNING",
        "probability" : 0.07641935832894162
      }, {
        "activityType" : "IN_SUBWAY",
        "probability" : 0.04975202327940853
      }, {
        "activityType" : "HIKING",
        "probability" : 0.027306145463120508
      }, {
        "activityType" : "IN_TRAIN",
        "probability" : 0.02633058042666887
      }, {
        "activityType" : "FLYING",
        "probability" : 0.022425314599848905
      }, {
        "activityType" : "WALKING_NORDIC",
        "probability" : 0.008574554066993607
      }, {
        "activityType" : "IN_FERRY",
        "probability" : 0.008284344512196055
      }, {
        "activityType" : "SKATEBOARDING",
        "probability" : 0.008191945100665923
      }, {
        "activityType" : "BOATING",
        "probability" : 0.008070272614976537
      }, {
        "activityType" : "SWIMMING",
        "probability" : 0.006954422791212495
      }, {
        "activityType" : "HORSEBACK_RIDING",
        "probability" : 0.006340842280549535
      }, {
        "activityType" : "IN_WHEELCHAIR",
        "probability" : 0.005801042323899095
      }, {
        "activityType" : "SLEDDING",
        "probability" : 0.0029139750178201144
      }, {
        "activityType" : "SAILING",
        "probability" : 0.002136766278751041
      }, {
        "activityType" : "SNOWMOBILE",
        "probability" : 0.0021176402096082366
      }, {
        "activityType" : "IN_GONDOLA_LIFT",
        "probability" : 0.0020535895843897013
      }, {
        "activityType" : "ROWING",
        "probability" : 0.0019030274521121685
      }, {
        "activityType" : "SKIING",
        "probability" : 0.0018431076766098843
      }, {
        "activityType" : "SURFING",
        "probability" : 0.0017609965441253682
      }, {
        "activityType" : "SNOWSHOEING",
        "probability" : 0.0015487092529692732
      }, {
        "activityType" : "IN_FUNICULAR",
        "probability" : 0.0014689883722578416
      }, {
        "activityType" : "KAYAKING",
        "probability" : 0.0013423479573199432
      }, {
        "activityType" : "IN_CABLECAR",
        "probability" : 0.0013415493733904334
      }, {
        "activityType" : "SKATING",
        "probability" : 9.214848484474053E-4
      }, {
        "activityType" : "KITESURFING",
        "probability" : 7.460469110080322E-4
      }, {
        "activityType" : "IN_TRAM",
        "probability" : 6.843722103636993E-4
      }, {
        "activityType" : "SNOWBOARDING",
        "probability" : 4.157642591012578E-4
      }, {
        "activityType" : "IN_VEHICLE",
        "probability" : 3.6863453162729184E-4
      }, {
        "activityType" : "CATCHING_POKEMON",
        "probability" : 9.002056523557012E-41
      } ],
      "waypointPath" : {
        "waypoints" : [ {
          "latE7" : 129329710,
          "lngE7" : 775822143
        }, {
          "latE7" : 129296979,
          "lngE7" : 775827178
        }, {
          "latE7" : 129307937,
          "lngE7" : 775817260
        } ]
      },
      "simplifiedRawPath" : {
        "points" : [ {
          "latE7" : 129296379,
          "lngE7" : 775823364,
          "timestampMs" : "1498810638355",
          "accuracyMeters" : 50
        } ]
      },
      "editConfirmationStatus" : "NOT_CONFIRMED"
    }
  }, {
    "placeVisit" : {
      "location" : {
        "latitudeE7" : 129308900,
        "longitudeE7" : 775831070,
        "placeId" : "ChIJDy_zQ5gVrjsRfWc-fCZrpVo",
        "address" : "Shop No\n192, 27th Cross Rd\nJayanagar East, Jayanagar\nBengaluru, Karnataka 560011\nIndia",
        "name" : "Vodafone Store",
        "sourceInfo" : {
          "deviceTag" : 835825403
        },
        "locationConfidence" : 57.484715
      },
      "duration" : {
        "startTimestampMs" : "1498810958196",
        "endTimestampMs" : "1498821787962"
      },
      "placeConfidence" : "MEDIUM_CONFIDENCE",
      "centerLatE7" : 129325398,
      "centerLngE7" : 775812512,
      "visitConfidence" : 93,
      "otherCandidateLocations" : [ {
        "latitudeE7" : 129309089,
        "longitudeE7" : 775821903,
        "placeId" : "ChIJYcumTJgVrjsRrhE5Bj47790",
        "name" : "Nilgiris Super Market",
        "locationConfidence" : 8.187623
      }, {
        "latitudeE7" : 129306792,
        "longitudeE7" : 775813029,
        "placeId" : "ChIJh7miupkVrjsRGP0DS-zJOSA",
        "name" : "Sapna Book House",
        "locationConfidence" : 4.4315596
      }, {
        "latitudeE7" : 129322159,
        "longitudeE7" : 775818257,
        "placeId" : "ChIJHYvq0JkVrjsRYcdOpjvZVGY",
        "name" : "NMKRV College for Women",
        "locationConfidence" : 1.3620739
      }, {
        "latitudeE7" : 129304090,
        "longitudeE7" : 775830963,
        "placeId" : "ChIJXYx5XJgVrjsRY9ntg4m_NRw",
        "name" : "JAVEED FASHION",
        "locationConfidence" : 0.5133406
      }, {
        "latitudeE7" : 129318239,
        "longitudeE7" : 775837802,
        "placeId" : "ChIJ_2yvFpgVrjsRBazPNj5rqos",
        "name" : "BHAVANI KANGAN STORES",
        "locationConfidence" : 0.34877542
      }, {
        "latitudeE7" : 129303417,
        "longitudeE7" : 775830838,
        "placeId" : "ChIJm5M_WZgVrjsRtNIUustrWkI",
        "name" : "New Shanti Sagar Hotel",
        "locationConfidence" : 0.3235033
      }, {
        "latitudeE7" : 129308991,
        "longitudeE7" : 775839328,
        "placeId" : "ChIJiS1WbpgVrjsRzzVmgfcy8vA",
        "name" : "Ganesh Darshan",
        "locationConfidence" : 0.28914064
      }, {
        "latitudeE7" : 129318836,
        "longitudeE7" : 775833571,
        "placeId" : "ChIJH4-NPZgVrjsRWQw9R3tjNAA",
        "name" : "Aabushan",
        "locationConfidence" : 0.2718211
      }, {
        "latitudeE7" : 129300090,
        "longitudeE7" : 775831566,
        "placeId" : "ChIJ85n49ZgVrjsRk7dGlVBW9Ig",
        "name" : "Ksic Mysore Silk",
        "locationConfidence" : 0.2659076
      } ],
      "editConfirmationStatus" : "NOT_CONFIRMED"
    }
  }, {
    "activitySegment" : {
      "startLocation" : {
        "latitudeE7" : 129308900,
        "longitudeE7" : 775831070
      },
      "endLocation" : {
        "latitudeE7" : 129285752,
        "longitudeE7" : 775813884
      },
      "duration" : {
        "startTimestampMs" : "1498821787962",
        "endTimestampMs" : "1498822277634"
      },
      "distance" : 882,
      "activityType" : "WALKING",
      "confidence" : "HIGH",
      "activities" : [ {
        "activityType" : "WALKING",
        "probability" : 98.56994243749855
      }, {
        "activityType" : "IN_PASSENGER_VEHICLE",
        "probability" : 0.9592540460997275
      }, {
        "activityType" : "MOTORCYCLING",
        "probability" : 0.21456436238888685
      }, {
        "activityType" : "IN_BUS",
        "probability" : 0.08119454358052214
      }, {
        "activityType" : "CYCLING",
        "probability" : 0.048777881989034794
      }, {
        "activityType" : "IN_SUBWAY",
        "probability" : 0.04669837253525358
      }, {
        "activityType" : "RUNNING",
        "probability" : 0.0286336919000258
      }, {
        "activityType" : "IN_TRAIN",
        "probability" : 0.012606762999750387
      }, {
        "activityType" : "FLYING",
        "probability" : 0.011544358531393911
      }, {
        "activityType" : "HIKING",
        "probability" : 0.00817387370665374
      }, {
        "activityType" : "WALKING_NORDIC",
        "probability" : 0.0027897146383554527
      }, {
        "activityType" : "IN_FERRY",
        "probability" : 0.0025246152019355026
      }, {
        "activityType" : "IN_WHEELCHAIR",
        "probability" : 0.0021013976501446626
      }, {
        "activityType" : "BOATING",
        "probability" : 0.0018435564623015977
      }, {
        "activityType" : "SWIMMING",
        "probability" : 0.0014506552082080304
      }, {
        "activityType" : "SKATEBOARDING",
        "probability" : 0.001276202890901786
      }, {
        "activityType" : "HORSEBACK_RIDING",
        "probability" : 0.0012330468716200789
      }, {
        "activityType" : "IN_TRAM",
        "probability" : 9.470287089956463E-4
      }, {
        "activityType" : "IN_CABLECAR",
        "probability" : 7.880233784132321E-4
      }, {
        "activityType" : "IN_GONDOLA_LIFT",
        "probability" : 6.271368136042294E-4
      }, {
        "activityType" : "SLEDDING",
        "probability" : 5.427230419034559E-4
      }, {
        "activityType" : "IN_FUNICULAR",
        "probability" : 4.803987862235677E-4
      }, {
        "activityType" : "SURFING",
        "probability" : 2.9350229810775415E-4
      }, {
        "activityType" : "SNOWMOBILE",
        "probability" : 2.9001539933146234E-4
      }, {
        "activityType" : "SKIING",
        "probability" : 2.513294478248461E-4
      }, {
        "activityType" : "SKATING",
        "probability" : 2.3529834927010413E-4
      }, {
        "activityType" : "IN_VEHICLE",
        "probability" : 2.0390386598094138E-4
      }, {
        "activityType" : "SAILING",
        "probability" : 1.8945812644981063E-4
      }, {
        "activityType" : "SNOWSHOEING",
        "probability" : 1.7185564181715452E-4
      }, {
        "activityType" : "KAYAKING",
        "probability" : 1.4180775350396198E-4
      }, {
        "activityType" : "ROWING",
        "probability" : 1.2194760413238274E-4
      }, {
        "activityType" : "KITESURFING",
        "probability" : 7.414378003563013E-5
      }, {
        "activityType" : "SNOWBOARDING",
        "probability" : 3.190685116272695E-5
      }, {
        "activityType" : "CATCHING_POKEMON",
        "probability" : 6.7833883645851195E-40
      } ],
      "waypointPath" : {
        "waypoints" : [ {
          "latE7" : 129329748,
          "lngE7" : 775816116
        }, {
          "latE7" : 129312343,
          "lngE7" : 775822601
        }, {
          "latE7" : 129302196,
          "lngE7" : 775822830
        }, {
          "latE7" : 129290742,
          "lngE7" : 775822067
        } ]
      },
      "simplifiedRawPath" : {
        "points" : [ {
          "latE7" : 129312344,
          "lngE7" : 775822601,
          "timestampMs" : "1498822018845",
          "accuracyMeters" : 24
        }, {
          "latE7" : 129302197,
          "lngE7" : 775822830,
          "timestampMs" : "1498822151776",
          "accuracyMeters" : 28
        } ]
      },
      "editConfirmationStatus" : "NOT_CONFIRMED"
    }
  }, {
    "placeVisit" : {
      "location" : {
        "latitudeE7" : 129285752,
        "longitudeE7" : 775813884,
        "placeId" : "ChIJ-d50GJkVrjsRInAPNKOey0Y",
        "address" : "30th Cross Road\n4th Block\nJayanagar\n4th Block, Jayanagar\nBengaluru, Karnataka 560011\nIndia",
        "name" : "Jayanagar traffic Police Station",
        "sourceInfo" : {
          "deviceTag" : 835825403
        },
        "locationConfidence" : 48.63903
      },
      "duration" : {
        "startTimestampMs" : "1498822277634",
        "endTimestampMs" : "1498823024514"
      },
      "placeConfidence" : "LOW_CONFIDENCE",
      "childVisits" : [ {
        "location" : {
          "latitudeE7" : 129286091,
          "longitudeE7" : 775817562,
          "placeId" : "ChIJI6pIH5kVrjsRRX5xf_AmMAY",
          "address" : "126, New Diagonal Rd\n4th Block, Jayanagar\nBengaluru, Karnataka 560011\nIndia",
          "name" : "Hatti Kaapi",
          "sourceInfo" : {
            "deviceTag" : 835825403
          },
          "locationConfidence" : 23.659145
        },
        "duration" : {
          "startTimestampMs" : "1498822277634",
          "endTimestampMs" : "1498823024514"
        },
        "placeConfidence" : "LOW_CONFIDENCE",
        "centerLatE7" : 129285456,
        "centerLngE7" : 775817733,
        "visitConfidence" : 90,
        "otherCandidateLocations" : [ {
          "latitudeE7" : 129285650,
          "longitudeE7" : 775819281,
          "placeId" : "ChIJxQYt6pgVrjsRtjh7cWNYpSA",
          "name" : "Maiyas",
          "locationConfidence" : 13.077956
        }, {
          "latitudeE7" : 129287920,
          "longitudeE7" : 775817390,
          "placeId" : "ChIJ8d6fHpkVrjsR9W15o42yuvc",
          "name" : "QUICK CONNECT",
          "locationConfidence" : 4.201868
        }, {
          "latitudeE7" : 129296669,
          "longitudeE7" : 775801599,
          "placeId" : "ChIJH95tdpkVrjsRRMLzqDqa-oE",
          "name" : "Jayanagar Metro Station",
          "locationConfidence" : 0.44158033
        }, {
          "latitudeE7" : 129285210,
          "longitudeE7" : 775824420,
          "placeId" : "ChIJxQYt6pgVrjsRkUIb2W0NdFM",
          "name" : "Kollapuri's",
          "locationConfidence" : 0.20748864
        }, {
          "latitudeE7" : 129292656,
          "longitudeE7" : 775816819,
          "placeId" : "ChIJQQtlA5kVrjsRjFIyYi6JteY",
          "name" : "Amma's Pastries",
          "locationConfidence" : 0.19633673
        }, {
          "latitudeE7" : 129300090,
          "longitudeE7" : 775831566,
          "placeId" : "ChIJ85n49ZgVrjsRk7dGlVBW9Ig",
          "name" : "Ksic Mysore Silk",
          "locationConfidence" : 0.13411656
        }, {
          "latitudeE7" : 129287769,
          "longitudeE7" : 775829186,
          "placeId" : "ChIJXbyJ6JgVrjsRGo9VojpZjlA",
          "name" : "Jaipur Gems N Jewels",
          "locationConfidence" : 0.103506655
        }, {
          "latitudeE7" : 129294607,
          "longitudeE7" : 775824163,
          "placeId" : "ChIJj_0F-5gVrjsRwFAW5OU4gP0",
          "name" : "GRAMINA THINDI",
          "locationConfidence" : 0.08825302
        }, {
          "latitudeE7" : 129306792,
          "longitudeE7" : 775813029,
          "placeId" : "ChIJh7miupkVrjsRGP0DS-zJOSA",
          "name" : "Sapna Book House",
          "locationConfidence" : 0.08744491
        } ],
        "editConfirmationStatus" : "NOT_CONFIRMED"
      } ],
      "centerLatE7" : 129285456,
      "centerLngE7" : 775817733,
      "visitConfidence" : 90,
      "otherCandidateLocations" : [ {
        "latitudeE7" : 129285650,
        "longitudeE7" : 775819281,
        "placeId" : "ChIJxQYt6pgVrjsRtjh7cWNYpSA",
        "name" : "Maiyas",
        "locationConfidence" : 26.885973
      }, {
        "latitudeE7" : 129287920,
        "longitudeE7" : 775817390,
        "placeId" : "ChIJ8d6fHpkVrjsR9W15o42yuvc",
        "name" : "QUICK CONNECT",
        "locationConfidence" : 8.6383
      }, {
        "latitudeE7" : 129296669,
        "longitudeE7" : 775801599,
        "placeId" : "ChIJH95tdpkVrjsRRMLzqDqa-oE",
        "name" : "Jayanagar Metro Station",
        "locationConfidence" : 0.9078113
      }, {
        "latitudeE7" : 129285210,
        "longitudeE7" : 775824420,
        "placeId" : "ChIJxQYt6pgVrjsRkUIb2W0NdFM",
        "name" : "Kollapuri's",
        "locationConfidence" : 0.42656007
      }, {
        "latitudeE7" : 129292656,
        "longitudeE7" : 775816819,
        "placeId" : "ChIJQQtlA5kVrjsRjFIyYi6JteY",
        "name" : "Amma's Pastries",
        "locationConfidence" : 0.40363368
      }, {
        "latitudeE7" : 129300090,
        "longitudeE7" : 775831566,
        "placeId" : "ChIJ85n49ZgVrjsRk7dGlVBW9Ig",
        "name" : "Ksic Mysore Silk",
        "locationConfidence" : 0.27572
      }, {
        "latitudeE7" : 129287769,
        "longitudeE7" : 775829186,
        "placeId" : "ChIJXbyJ6JgVrjsRGo9VojpZjlA",
        "name" : "Jaipur Gems N Jewels",
        "locationConfidence" : 0.21279143
      }, {
        "latitudeE7" : 129294607,
        "longitudeE7" : 775824163,
        "placeId" : "ChIJj_0F-5gVrjsRwFAW5OU4gP0",
        "name" : "GRAMINA THINDI",
        "locationConfidence" : 0.18143265
      }, {
        "latitudeE7" : 129306792,
        "longitudeE7" : 775813029,
        "placeId" : "ChIJh7miupkVrjsRGP0DS-zJOSA",
        "name" : "Sapna Book House",
        "locationConfidence" : 0.17977132
      } ],
      "editConfirmationStatus" : "NOT_CONFIRMED"
    }
  }, {
    "activitySegment" : {
      "startLocation" : {
        "latitudeE7" : 129285814,
        "longitudeE7" : 775816990
      },
      "endLocation" : {
        "latitudeE7" : 129327848,
        "longitudeE7" : 775812401
      },
      "duration" : {
        "startTimestampMs" : "1498823024514",
        "endTimestampMs" : "1498823450996"
      },
      "distance" : 632,
      "activityType" : "WALKING",
      "confidence" : "HIGH",
      "activities" : [ {
        "activityType" : "WALKING",
        "probability" : 97.03639257961676
      }, {
        "activityType" : "MOTORCYCLING",
        "probability" : 0.8543005961059589
      }, {
        "activityType" : "IN_PASSENGER_VEHICLE",
        "probability" : 0.7974782289506136
      }, {
        "activityType" : "IN_SUBWAY",
        "probability" : 0.5246885569478877
      }, {
        "activityType" : "CYCLING",
        "probability" : 0.37418602460327166
      }, {
        "activityType" : "IN_BUS",
        "probability" : 0.29209833856893463
      }, {
        "activityType" : "IN_TRAIN",
        "probability" : 0.04385080456020147
      }, {
        "activityType" : "RUNNING",
        "probability" : 0.03805009170851637
      }, {
        "activityType" : "IN_TRAM",
        "probability" : 0.007097857425698824
      }, {
        "activityType" : "FLYING",
        "probability" : 0.005856813346851026
      }, {
        "activityType" : "HIKING",
        "probability" : 0.004099303261122448
      }, {
        "activityType" : "SKATEBOARDING",
        "probability" : 0.003963039081640529
      }, {
        "activityType" : "WALKING_NORDIC",
        "probability" : 0.0027992888875888232
      }, {
        "activityType" : "SKATING",
        "probability" : 0.002644468659266805
      }, {
        "activityType" : "IN_FERRY",
        "probability" : 0.0026340106415372365
      }, {
        "activityType" : "IN_WHEELCHAIR",
        "probability" : 0.0018730589376823308
      }, {
        "activityType" : "IN_GONDOLA_LIFT",
        "probability" : 0.0011964870801473811
      }, {
        "activityType" : "BOATING",
        "probability" : 0.0010966146160864083
      }, {
        "activityType" : "HORSEBACK_RIDING",
        "probability" : 9.296982820350633E-4
      }, {
        "activityType" : "SWIMMING",
        "probability" : 8.35814888807648E-4
      }, {
        "activityType" : "SKIING",
        "probability" : 5.128428746931732E-4
      }, {
        "activityType" : "IN_CABLECAR",
        "probability" : 4.8627463541330316E-4
      }, {
        "activityType" : "IN_FUNICULAR",
        "probability" : 4.438378273268356E-4
      }, {
        "activityType" : "ROWING",
        "probability" : 4.224061785855181E-4
      }, {
        "activityType" : "IN_VEHICLE",
        "probability" : 3.4873662076199415E-4
      }, {
        "activityType" : "SAILING",
        "probability" : 3.3807675741515217E-4
      }, {
        "activityType" : "SLEDDING",
        "probability" : 2.925012563250503E-4
      }, {
        "activityType" : "SNOWMOBILE",
        "probability" : 2.9217673758962724E-4
      }, {
        "activityType" : "SURFING",
        "probability" : 2.220462502380142E-4
      }, {
        "activityType" : "SNOWSHOEING",
        "probability" : 2.1900814379515292E-4
      }, {
        "activityType" : "KAYAKING",
        "probability" : 2.1226187428487924E-4
      }, {
        "activityType" : "KITESURFING",
        "probability" : 1.0066570943378453E-4
      }, {
        "activityType" : "SNOWBOARDING",
        "probability" : 3.7488963509673384E-5
      }, {
        "activityType" : "CATCHING_POKEMON",
        "probability" : 7.246912069721041E-40
      } ],
      "waypointPath" : {
        "waypoints" : [ {
          "latE7" : 129285774,
          "lngE7" : 775816879
        }, {
          "latE7" : 129316539,
          "lngE7" : 775814819
        }, {
          "latE7" : 129316682,
          "lngE7" : 775822677
        }, {
          "latE7" : 129329061,
          "lngE7" : 775812530
        } ]
      },
      "simplifiedRawPath" : {
        "points" : [ {
          "latE7" : 129313917,
          "lngE7" : 775814056,
          "timestampMs" : "1498823146531",
          "accuracyMeters" : 50
        }, {
          "latE7" : 129316549,
          "lngE7" : 775820694,
          "timestampMs" : "1498823208911",
          "accuracyMeters" : 27
        } ]
      },
      "editConfirmationStatus" : "NOT_CONFIRMED"
    }
  }, {
    "placeVisit" : {
      "location" : {
        "latitudeE7" : 129328993,
        "longitudeE7" : 775812036,
        "placeId" : "ChIJj3YMYZcVrjsRyKncyZGvsLg",
        "address" : "10th Cross Road\n3rd block\n#45, 5th Main Rd\nJayanagar East, Jaya Nagar 1st Block, Jayanagar\nBengaluru, Karnataka 560011\nIndia",
        "name" : "Dassault Systemes",
        "sourceInfo" : {
          "deviceTag" : 835825403
        },
        "locationConfidence" : 28.970491
      },
      "duration" : {
        "startTimestampMs" : "1498823450996",
        "endTimestampMs" : "1498835834745"
      },
      "placeConfidence" : "MEDIUM_CONFIDENCE",
      "centerLatE7" : 129328070,
      "centerLngE7" : 775810970,
      "visitConfidence" : 93,
      "otherCandidateLocations" : [ {
        "latitudeE7" : 129326501,
        "longitudeE7" : 775811536,
        "placeId" : "ChIJAQAAAKQVrjsRFsYa3H-gSvs",
        "name" : "Nanda Theatre",
        "locationConfidence" : 24.919893
      }, {
        "latitudeE7" : 129327960,
        "longitudeE7" : 775811201,
        "placeId" : "ChIJPz35YpcVrjsR9CKvfbSVhEk",
        "name" : "3DPLM",
        "locationConfidence" : 18.613832
      }, {
        "latitudeE7" : 129322159,
        "longitudeE7" : 775818257,
        "placeId" : "ChIJHYvq0JkVrjsRYcdOpjvZVGY",
        "name" : "NMKRV College for Women",
        "locationConfidence" : 9.572953
      }, {
        "latitudeE7" : 129328317,
        "longitudeE7" : 775808220,
        "placeId" : "ChIJj3YMYZcVrjsRyKncyZGvsLg",
        "name" : "Dassault Systemes",
        "locationConfidence" : 8.500714
      }, {
        "latitudeE7" : 129325529,
        "longitudeE7" : 775803423,
        "placeId" : "ChIJZYPF4ZkVrjsRlM6GYmuX6Vc",
        "name" : "Nanda Theatre Bus Stop",
        "locationConfidence" : 2.387138
      }, {
        "latitudeE7" : 129316739,
        "longitudeE7" : 775833252,
        "placeId" : "ChIJxQ90PpgVrjsR1rYd4IrBEBw",
        "name" : "Navaratna Jewellers",
        "locationConfidence" : 1.4290249
      }, {
        "latitudeE7" : 129331300,
        "longitudeE7" : 775816290,
        "placeId" : "ChIJdeCNe5cVrjsRwD7LwDLoFx8",
        "name" : "Empire Restaurant - Jayanagar",
        "locationConfidence" : 0.18267977
      }, {
        "latitudeE7" : 129330888,
        "longitudeE7" : 775812831,
        "placeId" : "ChIJM-9Ye5cVrjsRmmqhQv1kAQs",
        "name" : "SHOWOFF",
        "locationConfidence" : 0.16566522
      }, {
        "latitudeE7" : 129328719,
        "longitudeE7" : 775811915,
        "placeId" : "ChIJeVTKxJkVrjsRfVqhBu2foNo",
        "name" : "NMKRV Mangala Mantapa",
        "locationConfidence" : 0.13118775
      } ],
      "editConfirmationStatus" : "NOT_CONFIRMED"
    }
  }, {
    "activitySegment" : {
      "startLocation" : {
        "latitudeE7" : 129328298,
        "longitudeE7" : 775810274
      },
      "endLocation" : {
        "latitudeE7" : 129235717,
        "longitudeE7" : 776081340
      },
      "duration" : {
        "startTimestampMs" : "1498835834745",
        "endTimestampMs" : "1498836829701"
      },
      "distance" : 3369,
      "activityType" : "MOTORCYCLING",
      "confidence" : "MEDIUM",
      "activities" : [ {
        "activityType" : "MOTORCYCLING",
        "probability" : 84.0413861059266
      }, {
        "activityType" : "IN_PASSENGER_VEHICLE",
        "probability" : 8.941024074449851
      }, {
        "activityType" : "CYCLING",
        "probability" : 5.320170538009415
      }, {
        "activityType" : "WALKING",
        "probability" : 0.9282761378773023
      }, {
        "activityType" : "IN_BUS",
        "probability" : 0.5921283909252203
      }, {
        "activityType" : "IN_TRAIN",
        "probability" : 0.041138312178076224
      }, {
        "activityType" : "RUNNING",
        "probability" : 0.0253939437439815
      }, {
        "activityType" : "IN_SUBWAY",
        "probability" : 0.015865457034659133
      }, {
        "activityType" : "IN_WHEELCHAIR",
        "probability" : 0.011943110255572766
      }, {
        "activityType" : "SKATEBOARDING",
        "probability" : 0.009899703800895773
      }, {
        "activityType" : "IN_FERRY",
        "probability" : 0.009475221849527616
      }, {
        "activityType" : "FLYING",
        "probability" : 0.0092505662458422
      }, {
        "activityType" : "SWIMMING",
        "probability" : 0.008368804591068887
      }, {
        "activityType" : "SNOWMOBILE",
        "probability" : 0.006850946307940461
      }, {
        "activityType" : "BOATING",
        "probability" : 0.006003490463682222
      }, {
        "activityType" : "HORSEBACK_RIDING",
        "probability" : 0.00536028484879215
      }, {
        "activityType" : "SLEDDING",
        "probability" : 0.003912405810701929
      }, {
        "activityType" : "IN_GONDOLA_LIFT",
        "probability" : 0.0035418880475707737
      }, {
        "activityType" : "IN_CABLECAR",
        "probability" : 0.0025106395510881073
      }, {
        "activityType" : "HIKING",
        "probability" : 0.0022302072306123236
      }, {
        "activityType" : "IN_FUNICULAR",
        "probability" : 0.002037379146913755
      }, {
        "activityType" : "SAILING",
        "probability" : 0.002027194244499716
      }, {
        "activityType" : "SURFING",
        "probability" : 0.0015900298612695919
      }, {
        "activityType" : "IN_VEHICLE",
        "probability" : 0.0015686156131399854
      }, {
        "activityType" : "SKIING",
        "probability" : 0.001291861875690511
      }, {
        "activityType" : "WALKING_NORDIC",
        "probability" : 0.001177683617716752
      }, {
        "activityType" : "SKATING",
        "probability" : 0.001092674479891371
      }, {
        "activityType" : "KAYAKING",
        "probability" : 0.0010759639584099604
      }, {
        "activityType" : "ROWING",
        "probability" : 0.0010565137853460103
      }, {
        "activityType" : "KITESURFING",
        "probability" : 0.0010047290236940597
      }, {
        "activityType" : "IN_TRAM",
        "probability" : 7.661506594585924E-4
      }, {
        "activityType" : "SNOWSHOEING",
        "probability" : 3.015636157310625E-4
      }, {
        "activityType" : "SNOWBOARDING",
        "probability" : 2.794109698406041E-4
      }, {
        "activityType" : "CATCHING_POKEMON",
        "probability" : 8.422859730400416E-45
      } ],
      "waypointPath" : {
        "waypoints" : [ {
          "latE7" : 129329528,
          "lngE7" : 775810317
        }, {
          "latE7" : 129237260,
          "lngE7" : 776084442
        } ]
      },
      "editConfirmationStatus" : "NOT_CONFIRMED"
    }
  }, {
    "placeVisit" : {
      "location" : {
        "latitudeE7" : 129235717,
        "longitudeE7" : 776081340,
        "placeId" : "ChIJLdpgSVUUrjsRp0tC9x_Zh00",
        "address" : "Tavarekere, Madiwala, Brindavan Nagar, BTM Layout\nBengaluru, Karnataka 560029\nIndia",
        "name" : "Majestic Residency",
        "sourceInfo" : {
          "deviceTag" : 835825403
        },
        "locationConfidence" : 98.881325
      },
      "duration" : {
        "startTimestampMs" : "1498836829701",
        "endTimestampMs" : "1498882177689"
      },
      "placeConfidence" : "HIGH_CONFIDENCE",
      "centerLatE7" : 129240922,
      "centerLngE7" : 776081846,
      "visitConfidence" : 94,
      "otherCandidateLocations" : [ {
        "latitudeE7" : 129252420,
        "longitudeE7" : 776077501,
        "placeId" : "ChIJK1rw1KoVrjsRwBfz4lUlFXY",
        "name" : "Lakshmi Theatre",
        "locationConfidence" : 0.0799142
      }, {
        "latitudeE7" : 129247470,
        "longitudeE7" : 776080120,
        "placeId" : "ChIJk8-GLVUUrjsR2DwmzpNZ0_A",
        "name" : "Sweet Palace",
        "locationConfidence" : 0.059664246
      }, {
        "latitudeE7" : 129248230,
        "longitudeE7" : 776090700,
        "placeId" : "ChIJKbrTIlUUrjsR6qT0PpF7COM",
        "name" : "Fashion World",
        "locationConfidence" : 0.028969849
      }, {
        "latitudeE7" : 129238946,
        "longitudeE7" : 776077192,
        "placeId" : "ChIJJX4jtaoVrjsRr-6nMFUfq8o",
        "name" : "Ganesha sounds and lightings",
        "locationConfidence" : 0.019679815
      }, {
        "latitudeE7" : 129262990,
        "longitudeE7" : 776098000,
        "placeId" : "ChIJpdXTZU4UrjsRKLUOYz3kEV4",
        "name" : "Ammi's Biryani",
        "locationConfidence" : 0.018454583
      }, {
        "latitudeE7" : 129238690,
        "longitudeE7" : 776107480,
        "placeId" : "ChIJ55NynlUUrjsRO-MEKq4OoTw",
        "name" : "Kebab Nation",
        "locationConfidence" : 0.01837145
      }, {
        "latitudeE7" : 129262993,
        "longitudeE7" : 776098007,
        "placeId" : "ChIJq6qa71QUrjsRVq5vgYN-HZE",
        "name" : "CocoJumbo",
        "locationConfidence" : 0.01619617
      }, {
        "latitudeE7" : 129253805,
        "longitudeE7" : 776086191,
        "placeId" : "ChIJ7fO7J1UUrjsRAO-TLkSRSTY",
        "name" : "Durga Enterprises",
        "locationConfidence" : 0.014873002
      }, {
        "latitudeE7" : 129242168,
        "longitudeE7" : 776078895,
        "placeId" : "ChIJf6UhNVUUrjsRn4jdFMdGVmQ",
        "locationConfidence" : 0.014645221
      } ],
      "editConfirmationStatus" : "NOT_CONFIRMED"
    }
  } ]
}